TITLE,AUTHOR,ISBN,OWNER_ID
Famous Zookeeper Happenings,Charles Garcia,1507862437214,00000000
Outstanding Viking Diaries,William Davis,8508429752668,00000000
Radiant Opportunist Legacies,Julia Lee,5945510421622,00000000
Famous Bookworm Gazette,Penelope Kim,8422642347480,00000000
Lucky Guru Chronicles,Sarah Taylor,2599052827973,00000000
Lucky Guru Innovations,Ian Parker,8158894858251,00000000
Youthful Quester Gazette,Yolanda Kim,6355376147410,00000000
Quick Detective Memoirs,Samuel Vargas,0050097072589,00000000
Mighty Inventor Kaleidoscope,Henry Quinn,7815231329270,00000000
Smart Scholar Fables,Ursula Parker,6194268574701,00000000
Glorious Knight Universe,Michael Parker,0708647989176,00000000
Kind Legend Legacies,Adam Kim,1042571134158,00000000
Mighty Xplorer Passages,Olivia Quinn,1437338829352,00000000
Quick Knight Years,Tina Lee,1448744510314,00000000
Brave Pirate Fables,Diana Anderson,9152825222080,00000000
Famous Guru Gazette,Charles Garcia,3352081223630,00000000
X-traordinary Unicorn Memoirs,Isabella Smith,4706656758215,00000000
Zesty Bookworm X-Files,Yankee Kim,7058835005458,00000000
Famous Unicorn Legacies,John Evans,6457290904541,00000000
Brave Unicorn Journeys,Michael Roberts,9446868763168,00000000
Noble Bookworm Novels,Xia Harris,5692846151234,00000000
Eager Ranger Legacies,Elizabeth Nelson,8354767228118,00000000
Lucky Mastermind Novels,Penelope Roberts,4997623259464,00000000
Youthful Detective Revelations,Quincy Roberts,3586552224851,00000000
Glorious Legend Innovations,Linda Evans,6533238055213,00000000
Unforgettable Opportunist Stories,Diana Jackson,2780722021917,00000000
Adventurous Quester Tales,Olivia Nelson,0576472004483,00000000
Zesty Legend Legacies,Cathy Young,0299735906958,00000000
Happy Traveler Passages,Brian Jackson,7567124988582,00000000
Witty Xplorer Stories,Olivia Olsen,3663704374128,00000000
Happy Detective Diaries,David Roberts,2412049790855,00000000
Youthful Unicorn Journeys,Isabella Young,4217131770078,00000000
Mighty Ranger Happenings,Rachel Vargas,6602817378347,00000000
Adventurous Ranger Passages,Hannah Davis,7935954337991,00000000
Happy Legend Tales,Xander Taylor,9703342778699,00000000
Smart Opportunist Wonders,Sarah Lee,0420176209784,00000000
Smart Zookeeper Encounters,John Walker,8836332341793,00000000
Trusty Explorer Tales,George Kim,5659155933159,00000000
Important Champion Wonders,John Quinn,9529006533202,00000000
Outstanding Wizard Stories,Nathan Kim,5267367776800,00000000
Quick Adventurer Happenings,Edward Martin,8247757965196,00000000
Smart Navigator Gazette,Xander Jackson,6232054196475,00000000
Glorious Mastermind Odyssey,John Vargas,6270986389190,00000000
Youthful Adventurer Novels,Abby Anderson,5347125655513,00000000
Kind Navigator Odyssey,Peter Clark,7253795429751,00000000
Unforgettable Navigator Voyage,Thomas Roberts,0823904060990,00000000
Outstanding Champion Revelations,Adam Walker,9809642609074,00000000
Lucky Legend Chronicles,Robert Jackson,5359539946507,00000000
Adventurous Xplorer Kaleidoscope,Robert Young,6118327452717,00000000
Brave Viking Revelations,John Clark,3922536262165,00000000
Adventurous Wizard Fables,Fiona Harris,8439902773279,00000000
Noble Jester Innovations,Alex Quinn,3358853455827,00000000
Radiant Scholar Gazette,Nancy Nelson,2454350536562,00000000
Daring Hero Diaries,Peter Taylor,2306727260337,00000000
Noble Detective Kaleidoscope,Quincy Foster,0193641576376,00000000
Mighty Friend Tales,Isabella Zhang,2330559357040,00000000
Radiant Knight Years,Charles Zhang,9571647140042,00000000
Kind Mastermind Gazette,George Foster,5825386711174,00000000
Curious Scholar Wonders,Mary Harris,5695102108591,00000000
Valiant Youth Voyage,Linda Zhang,4090288929328,00000000
Proud Pirate Kaleidoscope,Julia Kim,9252789226008,00000000
Brave Inventor Chronicles,Thomas Taylor,9756146052847,00000000
X-traordinary Ranger Diaries,Quincy Taylor,4568407072885,00000000
Quick Viking Innovations,Yolanda Anderson,9863656343799,00000000
X-traordinary Scholar Stories,Charles Clark,8073330641399,00000000
Witty Legend Kaleidoscope,Charles Quinn,1411035559194,00000000
Eager Ranger Voyage,Julia Foster,1504774046442,00000000
Zesty Pirate Encounters,Penelope Parker,7265401908888,00000000
Lucky Knight Years,Peter Clark,1542742705809,00000000
Eager Jester Years,David Lee,5966514764898,00000000
Smart Pirate Chronicles,Alex Davis,7933258640618,00000000
Brave Hero Quests,Charles Xu,0047927682049,00000000
Daring Pirate X-Files,Yolanda Lee,6525969769200,00000000
Jolly Ranger Gazette,Fiona Martin,9861675618768,00000000
Smart Youth Revelations,Yolanda Foster,4279068548632,00000000
Unforgettable Detective Gazette,Victoria Harris,6519242815005,00000000
Zesty Hero Gazette,Thomas Harris,6611034912609,00000000
Adventurous Adventurer Years,Kevin Xu,5164568730948,00000000
Radiant Pirate Fables,Oscar Anderson,8306520283636,00000000
Kind Navigator Passages,Brian Young,6754350995946,00000000
Smart Adventurer Revelations,Robert Taylor,3498859921329,00000000
Daring Unicorn Novels,Penelope Harris,1691631397356,00000000
Kind Bookworm Quests,Quincy Harris,4569496683426,00000000
Adventurous Mastermind Stories,Queenie Xu,7900972873035,00000000
Curious Zookeeper Revelations,Victor Evans,3412457769510,00000000
Trusty Navigator Fables,David Quinn,4361561347871,00000000
Mighty Hero Zeal,Michael Harris,2390199997341,00000000
Jolly Scholar Fables,Nathan Clark,1061391675511,00000000
Happy Legend Quests,Beth Nelson,6773370173608,00000000
Daring Knight Odyssey,Olivia Brown,4311083919865,00000000
Trusty Opportunist Happenings,Olivia Parker,0764568596015,00000000
Noble Mastermind Stories,Xia Walker,2615446017055,00000000
Smart Bookworm Kaleidoscope,Kevin Garcia,0339316052978,00000000
Quick Unicorn Revelations,Larry Walker,1893281913874,00000000
Kind Navigator Voyage,Larry Martin,8975300308595,00000000
Famous Wizard Wonders,Julia Young,2188952703557,00000000
Quick Quester Stories,Olivia Young,9120768388088,00000000
Important Inventor Chronicles,Yankee Roberts,4109768131455,00000000
Zesty Champion Gazette,Victoria Evans,0040926380688,00000000
Youthful Explorer Memoirs,Elizabeth Xu,3824583812396,00000000
Smart Inventor Tales,Edward Quinn,1880379968700,00000000
Daring Guru Zeal,Henry Jackson,7453033919246,00000000
Outstanding Legend Quests,Sarah Brown,1809906590924,00000000
Valiant Unicorn Wonders,Grace Parker,0397198230280,00000000
Witty Xplorer Years,Thomas Taylor,2358882794257,00000000
Zesty Friend Universe,Ursula Clark,6784866907485,00000000
Glorious Mastermind Novels,William Taylor,6715973790578,00000000
Important Navigator Gazette,Tina Roberts,7489163813918,00000000
Mighty Traveler Universe,Mary Parker,1305875184817,00000000
Mighty Opportunist Passages,Zoe Brown,1018188181472,00000000
Glorious Opportunist Novels,Kevin Parker,4253046624105,00000000
Smart Explorer Passages,Queenie Vargas,8688073441160,00000000
Happy Xplorer Novels,Henry Evans,5518890314428,00000000
Witty Champion Gazette,Yolanda Xu,9302385432799,00000000
Youthful Hero Stories,Charles Young,9522036476570,00000000
Mighty Jester Universe,Nancy Clark,8532254643716,00000000
Happy Inventor Innovations,George Anderson,0285608889701,00000000
Mighty Guru Fables,Larry Brown,8114628326540,00000000
Lucky Navigator Tales,Alex Lee,2352776441128,00000000
Quick Zookeeper Stories,William Lee,5837692900814,00000000
Famous Legend Happenings,Rachel Vargas,5103464663929,00000000
Adventurous Pirate Quests,Peter Roberts,2577243730387,00000000
Outstanding Scholar Memoirs,Grace Kim,4060174850845,00000000
X-traordinary Adventurer Wonders,Frank Clark,8757400831506,00000000
Proud Pirate Legacies,Hannah Anderson,3225534259589,00000000
X-traordinary Opportunist Universe,Samuel Quinn,6804251248419,00000000
Daring Youth Encounters,Elizabeth Davis,0023669268291,00000000
Curious Scholar Zeal,George Kim,6680718801027,00000000
Eager Legend Passages,Rachel Olsen,4353355859899,00000000
Youthful Champion Kaleidoscope,William Harris,0616196987973,00000000
Youthful Knight Gazette,Oscar Taylor,6092267876041,00000000
Radiant Detective Voyage,Ursula Martin,8079529131979,00000000
Famous Zookeeper Gazette,Edward Anderson,4804071649030,00000000
Quick Unicorn Voyage,Penelope Clark,1875036922140,00000000
Youthful Youth Happenings,Elizabeth Kim,6947175842780,00000000
Kind Jester Legacies,Michael Young,3941456417417,00000000
Outstanding Opportunist Voyage,Kevin Anderson,2694392175132,00000000
Kind Quester Odyssey,Brian Young,7429739005095,00000000
Valiant Zookeeper Kaleidoscope,Brian Quinn,5666493393347,00000000
Daring Adventurer Novels,Julia Davis,9672036295746,00000000
Kind Mastermind Journeys,Mary Upton,6651437620930,00000000
Glorious Champion Diaries,Victoria Kim,5639582865766,00000000
Zesty Guru Legacies,Charles Kim,4985396755429,00000000
Lucky Guru Passages,Xia Vargas,6839371182923,00000000
Mighty Champion Novels,Beth Zhang,0005434439310,00000000
Adventurous Ranger Tales,Victoria Vargas,8685114095368,00000000
Smart Legend Revelations,Isabella Xu,7847683288737,00000000
Eager Unicorn Odyssey,Ian Olsen,4332584402083,00000000
Valiant Ranger Happenings,Samuel Zhang,3781920534673,00000000
Glorious Pirate Happenings,Peter Davis,1965999825470,00000000
Kind Legend Gazette,Quincy Parker,7265445134809,00000000
Famous Viking Voyage,George Garcia,1220609004103,00000000
Brave Legend Happenings,Xander Jackson,8260317791387,00000000
Youthful Friend Happenings,Olivia Vargas,6532130131575,00000000
Brave Mastermind Kaleidoscope,Samuel Jackson,0355020466818,00000000
X-traordinary Youth Innovations,Penelope Quinn,4209861545279,00000000
Unforgettable Xplorer Wonders,Ian Xu,7627566527456,00000000
Lucky Detective Voyage,George Young,6994381786278,00000000
Curious Adventurer Universe,Kate Zhang,4158217496775,00000000
Quick Bookworm Quests,William Walker,9146946108668,00000000
Witty Pirate Memoirs,Victor Vargas,2697408880402,00000000
Brave Legend Gazette,Ursula Clark,5389885927950,00000000
Eager Champion Chronicles,Henry Jackson,9849381901794,00000000
Unforgettable Mastermind Novels,Yolanda Kim,9074007715916,00000000
Valiant Jester Wonders,Queenie Walker,1100169788005,00000000
Zesty Opportunist Journeys,Diana Anderson,1446585245631,00000000
Lucky Mastermind Journeys,Victoria Evans,5129622610581,00000000
Kind Knight Years,Oscar Zhang,3433729656420,00000000
Zesty Jester Legacies,Mary Zhang,0023074736484,00000000
Happy Viking Legacies,Beth Parker,2738160384330,00000000
Mighty Inventor Passages,George Foster,1979343189255,00000000
Noble Bookworm Diaries,Sarah Taylor,5962994572169,00000000
Unforgettable Navigator Memoirs,Larry Lee,8130073375834,00000000
Quick Inventor Happenings,Beth Martin,8477347755641,00000000
Daring Quester Innovations,Zoe Parker,8976176923097,00000000
Daring Detective Fables,Frank Jackson,3965197898786,00000000
Noble Wizard Universe,Samuel Parker,5372435870684,00000000
Quick Adventurer Fables,Nancy Young,3779749299439,00000000
Curious Bookworm Fables,David Parker,1588216272538,00000000
Mighty Inventor Encounters,George Evans,3925242684009,00000000
Radiant Xplorer Happenings,Abby Young,5412434454932,00000000
Daring Bookworm Odyssey,Abby Garcia,3681906314193,00000000
Mighty Unicorn X-Files,Hannah Anderson,5591309886631,00000000
Lucky Champion Universe,Olivia Jackson,8233678565621,00000000
Unforgettable Explorer X-Files,Samuel Nelson,8652641909314,00000000
Jolly Traveler Zeal,Diana Taylor,8380803644604,00000000
Adventurous Opportunist Wonders,Quincy Nelson,2721347832434,00000000
Lucky Scholar Universe,Victor Parker,1371061427501,00000000
Outstanding Hero X-Files,Diana Foster,4329246236650,00000000
Radiant Youth Voyage,Abby Kim,9899437223776,00000000
Kind Legend Odyssey,Julia Zhang,2642191222755,00000000
Valiant Adventurer Gazette,Sarah Quinn,2015282900205,00000000
Eager Jester Tales,Zachary Foster,3304044064880,00000000
Zesty Ranger Stories,George Foster,7693296601391,00000000
Noble Adventurer Diaries,Diana Xu,7127276063997,00000000
Smart Adventurer Wonders,Grace Vargas,8679073316374,00000000
Famous Bookworm Kaleidoscope,Elizabeth Clark,8186196554021,00000000
Youthful Traveler Zeal,Sarah Davis,3274832621451,00000000
Radiant Xplorer Revelations,Samuel Quinn,4443672324177,00000000
Quick Youth Chronicles,Fiona Upton,3817737003085,00000000
Proud Quester Revelations,Isabella Jackson,7221330713825,00000000
Witty Guru Legacies,Xander Kim,0322289575995,00000000
Jolly Youth Quests,Yankee Quinn,5432585766074,00000000
Lucky Detective Years,William Foster,5850121292649,00000000
Unforgettable Youth Diaries,Abby Xu,8906142324863,00000000
Trusty Bookworm Fables,Henry Upton,3975270759033,00000000
Quick Guru Encounters,Samuel Kim,7955917952900,00000000
Kind Scholar Quests,Linda Roberts,7800669656173,00000000
Quick Explorer Voyage,Frank Anderson,5636982537972,00000000
Kind Guru Chronicles,Tina Foster,7789861479936,00000000
Witty Wizard Passages,Olivia Nelson,3968419561932,00000000
Kind Opportunist Universe,Elizabeth Nelson,2185614536942,00000000
Famous Adventurer Innovations,Victor Brown,8930382090998,00000000
Glorious Wizard Innovations,Wendy Young,2267694443942,00000000
Witty Traveler Years,Zachary Parker,8911024582682,00000000
Curious Navigator Voyage,Yolanda Lee,4400846173290,00000000
Lucky Viking Happenings,Victoria Lee,4155028088731,00000000
Outstanding Jester Innovations,Olivia Jackson,6857451074982,00000000
Glorious Legend Memoirs,Yankee Smith,5422405744658,00000000
Brave Explorer Memoirs,Cathy Harris,9904627657887,00000000
Adventurous Knight Gazette,Fiona Xu,0163590666855,00000000
Smart Knight Gazette,Peter Taylor,7923473108956,00000000
Eager Guru Legacies,Tina Foster,3100828720795,00000000
X-traordinary Traveler Gazette,Kevin Parker,2141390236742,00000000
Outstanding Legend X-Files,Ian Davis,2504209938921,00000000
Zesty Knight Gazette,Quincy Evans,1674870667091,00000000
Outstanding Ranger Gazette,Alex Zhang,1097066726639,00000000
Adventurous Navigator Voyage,Robert Harris,6813528723504,00000000
Smart Traveler Happenings,Robert Evans,4045928826550,00000000
Trusty Jester Encounters,Victoria Quinn,5854680721589,00000000
Kind Navigator Fables,Victor Davis,7506014138188,00000000
Trusty Bookworm Years,David Parker,2438368602693,00000000
Witty Friend Tales,Peter Martin,8951523503719,00000000
Unforgettable Scholar Innovations,Fiona Jackson,4165052045570,00000000
Radiant Scholar Kaleidoscope,Linda Evans,4743952057482,00000000
Lucky Explorer Tales,Grace Jackson,8275764884629,00000000
Kind Ranger Happenings,John Jackson,6406406372248,00000000
Proud Zookeeper Diaries,Mary Nelson,0348510823772,00000000
Lucky Legend Wonders,Abby Taylor,6680110276515,00000000
Famous Scholar Revelations,Wendy Anderson,3491808676240,00000000
Proud Jester Tales,Diana Lee,5018799895511,00000000
Smart Jester Wonders,Queenie Clark,2671240732525,00000000
Important Friend Years,Hannah Martin,0884298372588,00000000
Kind Inventor Zeal,Zoe Quinn,8705964785193,00000000
Important Opportunist Zeal,Linda Lee,6080789855071,00000000
Curious Wizard Fables,Charles Quinn,0576747124106,00000000
Brave Detective Novels,Zachary Harris,7095907348488,00000000
Lucky Adventurer Encounters,Larry Jackson,3526316375696,00000000
Daring Navigator Fables,Yankee Zhang,8780889673411,00000000
Curious Youth Tales,Rachel Taylor,5715550643748,00000000
Glorious Inventor Encounters,Henry Harris,7482062419571,00000000
Trusty Hero Wonders,Ian Olsen,1310358539404,00000000
Lucky Youth Tales,Isabella Evans,3889971542385,00000000
Kind Bookworm Universe,Penelope Olsen,0496843324296,00000000
Glorious Quester Wonders,Julia Anderson,3450580974814,00000000
Noble Explorer Innovations,Zoe Martin,3242171852553,00000000
Happy Champion Gazette,Wendy Xu,4513823286194,00000000
Outstanding Zookeeper Tales,Julia Evans,3004878393766,00000000
Mighty Navigator Stories,David Foster,8389441862876,00000000
Brave Quester Novels,Oscar Walker,3305218889049,00000000
Lucky Wizard Tales,Beth Evans,8432890359722,00000000
Eager Legend Revelations,Queenie Martin,2392417207799,00000000
Outstanding Traveler Quests,Xander Kim,5737181174071,00000000
Adventurous Hero Kaleidoscope,Larry Evans,2317465201575,00000000
Noble Zookeeper Gazette,Charles Smith,3051415447437,00000000
Lucky Legend Innovations,Charles Clark,4078897675317,00000000
Jolly Youth Legacies,David Evans,7965976010053,00000000
Unforgettable Hero Chronicles,Mary Taylor,0189315298293,00000000
Mighty Quester Novels,William Brown,4506120588993,00000000
Curious Hero Diaries,Brian Young,5937496615515,00000000
Radiant Ranger Wonders,Adam Brown,4239004679103,00000000
Youthful Youth Universe,Edward Olsen,9961326919760,00000000
Glorious Hero Memoirs,Thomas Kim,2871354191373,00000000
Unforgettable Quester Novels,Mary Davis,8610599422217,00000000
Valiant Friend Innovations,Queenie Quinn,6100570888511,00000000
Kind Unicorn Voyage,Michael Young,6478776811450,00000000
Smart Legend Zeal,Zachary Lee,4005104476078,00000000
Witty Traveler Memoirs,Xia Evans,3046763618677,00000000
Quick Ranger Chronicles,Alex Jackson,9358506428608,00000000
Unforgettable Explorer Voyage,Xia Harris,4123966445596,00000000
Proud Adventurer Memoirs,Ian Jackson,3778755224558,00000000
X-traordinary Mastermind Legacies,Zachary Olsen,9691130359307,00000000
X-traordinary Wizard Voyage,Thomas Vargas,8223178575749,00000000
Quick Scholar Kaleidoscope,Zachary Evans,1132279456390,00000000
Mighty Viking Tales,Sarah Kim,1792363268003,00000000
Trusty Wizard Zeal,Fiona Davis,4906905556634,00000000
Radiant Viking Universe,Samuel Anderson,2180421740759,00000000
Famous Jester Chronicles,Larry Kim,3011455503708,00000000
Quick Guru Voyage,Isabella Evans,8164493558713,00000000
Brave Adventurer Voyage,Diana Clark,0560275664838,00000000
Jolly Friend Novels,Sarah Anderson,8824995230233,00000000
Glorious Detective Wonders,Sarah Foster,4554630393538,00000000
Mighty Pirate Gazette,Rachel Smith,5884225312996,00000000
Curious Opportunist Encounters,Beth Garcia,8247499153288,00000000
Curious Friend Wonders,Fiona Smith,1956102517320,00000000
Eager Bookworm Kaleidoscope,Peter Upton,5860092570486,00000000
Mighty Bookworm Revelations,Victor Kim,8123481134889,00000000
Noble Viking Years,Nathan Lee,4650822398852,00000000
Happy Scholar Quests,Victor Smith,6697686726047,00000000
Lucky Xplorer Innovations,Wendy Harris,7383137990431,00000000
Outstanding Zookeeper Memoirs,Alex Jackson,8670267429702,00000000
Eager Youth Fables,Kevin Smith,7485842638025,00000000
Kind Explorer Chronicles,Abby Clark,4978152429627,00000000
Brave Mastermind Odyssey,Yankee Upton,3757891663698,00000000
Zesty Viking Legacies,Charles Nelson,1855686229226,00000000
Famous Xplorer Kaleidoscope,Xia Garcia,2024388560695,00000000
Valiant Ranger Voyage,Michael Roberts,1974879470280,00000000
Noble Navigator Happenings,Victoria Olsen,2813659719616,00000000
X-traordinary Detective Odyssey,Michael Kim,9318121760682,00000000
Kind Jester Years,David Roberts,5130726922791,00000000
Witty Explorer Kaleidoscope,John Vargas,6446624488017,00000000
Outstanding Friend Journeys,Kate Martin,3288322346120,00000000
Jolly Youth Fables,Ian Clark,2198953348022,00000000
Lucky Bookworm Stories,Xander Upton,3472680700063,00000000
X-traordinary Navigator Novels,Quincy Martin,9657018930686,00000000
Unforgettable Legend Encounters,Adam Evans,5248045262150,00000000
Mighty Pirate Stories,Mary Roberts,1225520107407,00000000
Eager Opportunist Stories,Robert Anderson,4226677187813,00000000
Unforgettable Wizard Legacies,Oscar Vargas,9770883819617,00000000
Noble Friend Odyssey,Diana Anderson,0413681922040,00000000
Mighty Quester Wonders,Mary Zhang,1903421124616,00000000
Trusty Scholar Kaleidoscope,Robert Garcia,8926313603986,00000000
Proud Champion Diaries,Thomas Jackson,9530063210883,00000000
Jolly Legend Chronicles,Cathy Upton,4303706755721,00000000
Brave Navigator Tales,Edward Jackson,2136212155318,00000000
Lucky Ranger Novels,Xia Upton,6210121896657,00000000
Quick Adventurer X-Files,Ian Martin,5886632769080,00000000
Valiant Viking Quests,Henry Young,1909391435844,00000000
Important Ranger Passages,Mary Brown,8413013538347,00000000
Radiant Jester Voyage,Olivia Anderson,7653613234831,00000000
Important Hero Universe,Xia Upton,9930639281468,00000000
Glorious Unicorn Tales,Zachary Walker,1845480208787,00000000
Kind Adventurer Voyage,Alex Harris,2521794409032,00000000
Proud Knight Kaleidoscope,Charles Parker,3592615786693,00000000
Quick Traveler Gazette,Abby Upton,7311737609293,00000000
Happy Champion Chronicles,Quincy Quinn,7793071636058,00000000
Jolly Traveler Diaries,Edward Zhang,2332935371459,00000000
Mighty Traveler Gazette,Zoe Smith,3616332838647,00000000
Daring Friend Happenings,Alex Foster,7657329516847,00000000
Smart Adventurer Quests,Thomas Taylor,2075990559430,00000000
Youthful Scholar Fables,Julia Walker,2662765360201,00000000
Adventurous Scholar Happenings,Abby Foster,6176945264938,00000000
Smart Opportunist Zeal,Robert Roberts,8279287680232,00000000
Curious Legend Zeal,Zoe Zhang,7732475209093,00000000
Daring Adventurer Memoirs,Alex Quinn,3586282887524,00000000
Youthful Navigator Happenings,Kate Lee,3134341806292,00000000
Famous Viking Gazette,Julia Jackson,0167648487140,00000000
Youthful Detective Tales,Victoria Xu,9649771355394,00000000
Famous Legend Quests,Ursula Xu,3392777647548,00000000
Mighty Viking Gazette,Charles Parker,1969021549372,00000000
Outstanding Navigator Chronicles,Rachel Jackson,6450789417850,00000000
Unforgettable Scholar Happenings,William Martin,5392705712988,00000000
Quick Jester Innovations,Kate Smith,9616550467906,00000000
Proud Opportunist Quests,Tina Garcia,9537902484047,00000000
Trusty Explorer Kaleidoscope,Peter Anderson,1825828549536,00000000
Brave Opportunist Encounters,Sarah Parker,6410856257451,00000000
Trusty Knight Chronicles,Xander Upton,4366076218067,00000000
Happy Champion Universe,Samuel Harris,5176792535657,00000000
Adventurous Bookworm Stories,Queenie Walker,5103706857185,00000000
Kind Unicorn Gazette,Nancy Vargas,2997583255188,00000000
Glorious Scholar Revelations,Ian Evans,5478964923850,00000000
Curious Explorer Years,Alex Harris,1461743749868,00000000
Eager Explorer Journeys,Mary Nelson,2952828559414,00000000
Zesty Knight Innovations,Charles Vargas,6010142112145,00000000
Daring Champion Passages,Julia Garcia,1169382265700,00000000
X-traordinary Youth Memoirs,Larry Anderson,8409164750103,00000000
X-traordinary Hero Novels,Oscar Jackson,0075571021204,00000000
Unforgettable Hero Zeal,Edward Garcia,9191883683044,00000000
Youthful Pirate Zeal,Brian Brown,2239981811000,00000000
Unforgettable Pirate Gazette,Wendy Evans,7762323671987,00000000
Noble Viking Chronicles,Larry Jackson,2898417963357,00000000
Kind Pirate Diaries,Zoe Young,2589757462975,00000000
Noble Legend Innovations,Julia Xu,0584922756141,00000000
Proud Guru Odyssey,Kate Zhang,4503245920981,00000000
Proud Ranger Years,Abby Jackson,8083393661166,00000000
Important Viking Legacies,Nathan Vargas,4552817448545,00000000
Noble Knight Novels,Rachel Garcia,8523161349976,00000000
Glorious Xplorer Memoirs,Ian Martin,4239076764301,00000000
Quick Scholar Legacies,Alex Martin,1284154099342,00000000
Glorious Unicorn Memoirs,Sarah Nelson,9610294885682,00000000
Noble Knight Memoirs,Sarah Young,5128132265571,00000000
Mighty Xplorer Gazette,Diana Taylor,0468477215844,00000000
Unforgettable Quester Passages,Beth Taylor,8432891688746,00000000
Important Pirate Chronicles,Zachary Roberts,2654302840819,00000000
Curious Hero Memoirs,Ursula Brown,9281888138967,00000000
Smart Friend Stories,Xander Xu,7631847424891,00000000
Brave Explorer Fables,Cathy Taylor,9130031906314,00000000
Smart Adventurer Fables,Queenie Clark,9972695432439,00000000
X-traordinary Xplorer Voyage,Adam Nelson,1141076965776,00000000
Famous Xplorer Voyage,Kevin Young,0845463385260,00000000
Smart Explorer Zeal,Alex Evans,8149615185657,00000000
Unforgettable Wizard Stories,Wendy Lee,5315312456953,00000000
Proud Knight Fables,Linda Zhang,4791745271591,00000000
Adventurous Adventurer Encounters,Larry Foster,3014003444805,00000000
Youthful Unicorn Legacies,Julia Zhang,6991286751073,00000000
Witty Mastermind Chronicles,Victor Quinn,9420323565702,00000000
Happy Opportunist Legacies,Xander Parker,5166147465289,00000000
Noble Guru Legacies,Elizabeth Garcia,1079138675427,00000000
Daring Navigator Innovations,Isabella Anderson,0496251975738,00000000
Outstanding Explorer Encounters,Julia Parker,2216640330416,00000000
Mighty Pirate Innovations,John Lee,0791923216325,00000000
Daring Adventurer Kaleidoscope,Isabella Davis,7076985540773,00000000
Youthful Champion Voyage,Nathan Davis,0116911248971,00000000
Daring Knight Odyssey,Thomas Upton,4209096256957,00000000
Zesty Explorer Quests,Adam Taylor,6279605543418,00000000
Mighty Legend Novels,Julia Clark,3302512545046,00000000
Witty Pirate Revelations,Kevin Roberts,4839856350054,00000000
Happy Mastermind Voyage,Michael Parker,0882893759384,00000000
Important Traveler Innovations,Julia Young,4102246532270,00000000
Kind Viking Encounters,Olivia Davis,4553773700401,00000000
Kind Inventor Zeal,Isabella Xu,4395186093363,00000000
Zesty Mastermind Innovations,Queenie Roberts,2380071842012,00000000
Zesty Wizard Zeal,Rachel Olsen,9871780690481,00000000
Lucky Wizard Tales,Nathan Kim,4565812922132,00000000
Lucky Youth Encounters,Zoe Olsen,9604477135879,00000000
Lucky Scholar Years,Victoria Taylor,4702492523642,00000000
Curious Traveler Journeys,Victor Harris,3668267684592,00000000
Mighty Inventor Memoirs,Linda Roberts,8558842336747,00000000
Glorious Explorer Voyage,Thomas Garcia,3955263779828,00000000
Radiant Youth X-Files,William Clark,0440191988303,00000000
Noble Friend Universe,Wendy Nelson,7024675959312,00000000
Famous Opportunist Tales,Brian Vargas,6798704274745,00000000
Radiant Detective Chronicles,Nathan Olsen,7290271822187,00000000
Adventurous Traveler Universe,Nathan Harris,2879323398501,00000000
Witty Bookworm Fables,Fiona Upton,4596140277809,00000000
Trusty Guru Wonders,Isabella Evans,8782515251635,00000000
Jolly Bookworm Journeys,John Foster,4477875995643,00000000
Lucky Jester Memoirs,Samuel Walker,1996893365250,00000000
Glorious Pirate Legacies,Tina Young,7059653950807,00000000
Famous Detective Legacies,Oscar Xu,4472289240129,00000000
Proud Zookeeper Kaleidoscope,Larry Nelson,7645596165332,00000000
Glorious Explorer Gazette,Nancy Young,0101319631333,00000000
Trusty Guru Universe,Penelope Zhang,9713213799463,00000000
Smart Bookworm Journeys,Penelope Anderson,4150498181173,00000000
X-traordinary Guru Novels,Julia Zhang,6449287905631,00000000
Curious Viking Fables,Yolanda Walker,8144420329548,00000000
Witty Scholar Happenings,Thomas Roberts,0475471328876,00000000
Noble Hero Tales,William Martin,4979299616642,00000000
Mighty Scholar Encounters,Adam Quinn,4586300844194,00000000
Famous Ranger Tales,Abby Evans,1641623025507,00000000
Outstanding Xplorer Happenings,Abby Quinn,3556147384420,00000000
Glorious Ranger Legacies,Larry Xu,6739915018988,00000000
Lucky Legend Odyssey,Adam Garcia,4018406437685,00000000
Famous Unicorn Legacies,William Vargas,3247975658219,00000000
Happy Scholar Chronicles,Ursula Taylor,8859560939969,00000000
Trusty Detective Passages,Olivia Davis,6484819120922,00000000
Lucky Wizard Years,Grace Jackson,2758138332347,00000000
Lucky Explorer Years,Yolanda Evans,3389639911138,00000000
Noble Scholar Years,David Harris,3708241098301,00000000
Daring Wizard Voyage,Peter Nelson,3974197079781,00000000
Unforgettable Traveler Legacies,Nancy Foster,1125748275660,00000000
Valiant Explorer Novels,Ursula Harris,8889791892672,00000000
Radiant Xplorer Quests,Xander Davis,0649465231941,00000000
Zesty Unicorn Happenings,Edward Davis,9849490593736,00000000
Zesty Scholar Innovations,Olivia Brown,2885832838988,00000000
Lucky Xplorer Happenings,Yankee Jackson,5649029949829,00000000
Quick Navigator Stories,Henry Smith,9935848360980,00000000
Valiant Adventurer Kaleidoscope,Yolanda Evans,1263077580830,00000000
Adventurous Adventurer Quests,Kate Upton,0145796053318,00000000
Unforgettable Guru Wonders,Frank Olsen,5865503818317,00000000
Outstanding Adventurer Voyage,Rachel Vargas,8961672461747,00000000
Important Adventurer Encounters,Alex Jackson,2851771915820,00000000
Kind Detective Chronicles,Adam Evans,6945505043333,00000000
Youthful Mastermind Voyage,Olivia Anderson,8728368264101,00000000
Curious Bookworm Legacies,Linda Smith,0304772249910,00000000
Glorious Mastermind Wonders,Beth Davis,2953486052590,00000000
Adventurous Pirate Gazette,Abby Quinn,7938646326679,00000000
Brave Bookworm Universe,Thomas Nelson,0273702972436,00000000
Quick Zookeeper Diaries,Cathy Olsen,8556282742685,00000000
X-traordinary Jester Voyage,Nathan Roberts,7181714130276,00000000
Eager Zookeeper Zeal,Diana Brown,3330044862058,00000000
X-traordinary Wizard Wonders,Charles Parker,4877587975399,00000000
Unforgettable Bookworm Voyage,Zoe Jackson,2983858437069,00000000
Unforgettable Youth Innovations,Brian Foster,0198052836415,00000000
Trusty Xplorer Novels,Nancy Walker,0354523092081,00000000
Trusty Zookeeper Innovations,Quincy Anderson,2582833588125,00000000
Smart Friend Happenings,Olivia Parker,2007333996275,00000000
Quick Pirate Diaries,Linda Xu,2223421398671,00000000
Kind Youth Memoirs,Grace Davis,6998875776875,00000000
Happy Wizard Novels,Grace Taylor,1754756084065,00000000
Glorious Friend X-Files,Abby Quinn,6655336941363,00000000
Witty Navigator Years,Victor Quinn,9758131094733,00000000
Radiant Legend Kaleidoscope,Alex Nelson,5103924223410,00000000
Curious Pirate Revelations,Abby Xu,4448823611069,00000000
Outstanding Pirate Odyssey,Frank Harris,8884201991495,00000000
Smart Mastermind Stories,John Xu,8956705316514,00000000
Curious Mastermind Voyage,Isabella Quinn,0684215821843,00000000
Curious Unicorn Novels,Ursula Walker,4155273104057,00000000
X-traordinary Legend X-Files,Larry Taylor,2868255375285,00000000
Famous Pirate Novels,Henry Davis,2375553736583,00000000
Quick Ranger Revelations,Grace Young,9483493325743,00000000
Trusty Pirate Kaleidoscope,Olivia Evans,6995457406847,00000000
Adventurous Zookeeper Wonders,Frank Anderson,8091041349113,00000000
Important Adventurer Legacies,Hannah Smith,9018953551471,00000000
Unforgettable Friend Zeal,Zachary Clark,0983496348385,00000000
Curious Ranger Novels,Peter Lee,1057602200351,00000000
Famous Pirate Memoirs,Brian Xu,4813021793174,00000000
Proud Jester X-Files,George Taylor,5578853038617,00000000
Happy Jester Fables,Samuel Olsen,2371399640206,00000000
Mighty Hero Voyage,Tina Smith,7020239954274,00000000
Curious Bookworm Tales,Frank Evans,6852793386335,00000000
Proud Explorer Innovations,Penelope Anderson,1619303067413,00000000
Important Navigator Zeal,Yankee Xu,0139395529220,00000000
Jolly Legend Odyssey,Grace Roberts,2156822480563,00000000
X-traordinary Quester Kaleidoscope,Fiona Taylor,2508992932357,00000000
Proud Unicorn Zeal,Michael Quinn,3480980375164,00000000
Witty Youth Wonders,Cathy Martin,0969452125757,00000000
Lucky Wizard Happenings,Henry Quinn,5108736797319,00000000
Famous Zookeeper Novels,Abby Davis,7759469180916,00000000
Daring Wizard Legacies,Michael Upton,6836740432436,00000000
Famous Wizard Revelations,Yolanda Olsen,4975288589263,00000000
Famous Jester Gazette,Charles Smith,5156949377811,00000000
Proud Ranger Journeys,Cathy Zhang,1330188000219,00000000
Noble Opportunist Gazette,Brian Harris,4726347460104,00000000
Smart Adventurer Voyage,George Xu,4915165791907,00000000
Radiant Ranger Fables,Rachel Evans,5602814562849,00000000
Noble Quester Chronicles,Ursula Harris,4823673411135,00000000
Kind Bookworm Stories,Frank Walker,5939804093183,00000000
Noble Inventor Diaries,Cathy Garcia,6144212312255,00000000
Valiant Zookeeper Voyage,John Olsen,9608692171643,00000000
Lucky Knight Revelations,Isabella Parker,7654635644851,00000000
Smart Navigator Novels,George Smith,5844678323079,00000000
Glorious Opportunist Stories,Victoria Evans,1637418476630,00000000
Radiant Traveler Quests,Charles Upton,4119262142697,00000000
Brave Quester Happenings,Isabella Smith,3528138454276,00000000
Proud Legend Universe,Nancy Xu,9717478227945,00000000
Radiant Scholar Chronicles,Isabella Taylor,5895011780257,00000000
Brave Viking Memoirs,Queenie Anderson,3203634914003,00000000
Valiant Unicorn Legacies,David Upton,0980211336276,00000000
Smart Quester Legacies,Kate Xu,1048161207073,00000000
Glorious Xplorer Tales,George Smith,8165465120716,00000000
X-traordinary Xplorer Odyssey,Henry Anderson,4434577179016,00000000
Outstanding Xplorer Odyssey,Cathy Smith,6309619822213,00000000
Jolly Inventor Stories,Alex Martin,0930971809794,00000000
Zesty Scholar Diaries,Xia Zhang,2709388432158,00000000
Jolly Navigator Wonders,Tina Zhang,8603489325279,00000000
Trusty Ranger Wonders,Abby Kim,3960118487179,00000000
Eager Traveler Encounters,Nathan Roberts,0092253581108,00000000
Famous Explorer Tales,Elizabeth Lee,0879587304173,00000000
Youthful Ranger Journeys,Charles Zhang,7041496955101,00000000
Jolly Friend Quests,Elizabeth Upton,0610336696336,00000000
Lucky Traveler X-Files,Michael Parker,8693421779451,00000000
Lucky Ranger Universe,Xia Harris,3914494491411,00000000
Brave Jester Wonders,Wendy Garcia,1792723973363,00000000
Outstanding Xplorer Encounters,Hannah Nelson,5276824391043,00000000
Smart Quester Novels,Yankee Roberts,0238748434355,00000000
Quick Adventurer Memoirs,Kevin Upton,3605738895439,00000000
Youthful Hero Happenings,Victor Smith,5758729907302,00000000
Proud Navigator Journeys,Zachary Kim,1693814982052,00000000
Lucky Champion Zeal,Diana Davis,6441219162549,00000000
Mighty Mastermind Journeys,Elizabeth Taylor,7141460991583,00000000
Quick Explorer Voyage,Sarah Foster,6677620564355,00000000
Lucky Inventor Innovations,Xia Roberts,2008246063108,00000000
Proud Scholar Odyssey,Fiona Davis,3359388399099,00000000
Famous Knight Zeal,Olivia Quinn,8659530895024,00000000
Lucky Ranger Memoirs,Queenie Jackson,6765850888317,00000000
Famous Viking Chronicles,Adam Anderson,5909677052808,00000000
Glorious Viking Universe,Xander Clark,9855612283812,00000000
Daring Explorer Diaries,Charles Xu,3552243695552,00000000
Valiant Champion Fables,Alex Smith,4029832447629,00000000
Unforgettable Traveler Universe,Larry Vargas,9356090175328,00000000
Outstanding Scholar Stories,Alex Martin,1903595831211,00000000
Quick Guru Novels,Fiona Kim,2414714371031,00000000
Noble Knight X-Files,Fiona Davis,1564667313532,00000000
Outstanding Inventor Tales,Victoria Garcia,2852446938410,00000000
Adventurous Guru Legacies,Oscar Olsen,6507820687700,00000000
Famous Ranger Journeys,Peter Olsen,4183567239314,00000000
Daring Friend Years,Sarah Nelson,1051960403232,00000000
Jolly Xplorer Quests,Frank Garcia,4896593886987,00000000
Eager Champion Innovations,Diana Parker,8882397038321,00000000
Proud Viking Stories,Mary Kim,6163854450392,00000000
Proud Mastermind Chronicles,Edward Quinn,1417661041249,00000000
Lucky Explorer Quests,Kevin Lee,2120963721175,00000000
Radiant Guru Novels,Charles Kim,7323975054315,00000000
Zesty Scholar Quests,David Davis,3079720306720,00000000
Lucky Detective Diaries,Diana Jackson,9894364214538,00000000
Famous Inventor Fables,Yolanda Brown,4998321999157,00000000
Noble Pirate Encounters,David Martin,7253742224385,00000000
Eager Hero Odyssey,Kevin Roberts,0989008303149,00000000
Valiant Traveler X-Files,Larry Vargas,9818974014838,00000000
Important Hero Odyssey,Victoria Taylor,6245856714563,00000000
X-traordinary Opportunist Encounters,Queenie Clark,6212888652637,00000000
Smart Detective Zeal,Larry Upton,9262309255326,00000000
Adventurous Mastermind Revelations,William Olsen,1999889920198,00000000
Famous Unicorn Memoirs,Queenie Parker,3299683971210,00000000
Zesty Ranger Diaries,Adam Jackson,2013102533084,00000000
Trusty Legend Kaleidoscope,Wendy Upton,7428005658744,00000000
Proud Guru Legacies,Elizabeth Roberts,1734741275074,00000000
Smart Adventurer Stories,Oscar Quinn,1178425722728,00000000
Radiant Guru Odyssey,Quincy Vargas,8026537760554,00000000
Youthful Xplorer Universe,Victoria Jackson,0283201403010,00000000
Curious Traveler X-Files,Henry Upton,5363104918448,00000000
Noble Zookeeper Encounters,William Vargas,5037525557134,00000000
Famous Youth Zeal,Olivia Walker,1920725939074,00000000
Trusty Mastermind Voyage,Fiona Clark,9022918829918,00000000
Smart Jester Diaries,Fiona Clark,4916687801570,00000000
Mighty Zookeeper Encounters,Alex Brown,5793553335433,00000000
Curious Friend Innovations,Peter Roberts,7691498094157,00000000
Witty Legend Tales,Julia Parker,9920091285456,00000000
Zesty Hero Happenings,Yolanda Harris,7966753285916,00000000
Brave Bookworm Odyssey,Penelope Jackson,9305738324277,00000000
Radiant Ranger Odyssey,Sarah Roberts,0448553657362,00000000
Jolly Opportunist Fables,Oscar Davis,6848213663438,00000000
Quick Champion Odyssey,John Martin,6074679635096,00000000
Outstanding Pirate Universe,Nancy Young,6103654273944,00000000
Youthful Youth Voyage,Grace Vargas,4370261258691,00000000
Outstanding Legend Zeal,Samuel Smith,8582762939924,00000000
Happy Jester Memoirs,George Davis,6977410459862,00000000
Noble Guru Journeys,Fiona Jackson,0869882756418,00000000
Quick Friend Revelations,Abby Olsen,4428060970006,00000000
Brave Mastermind Journeys,Edward Smith,5683056784459,00000000
X-traordinary Bookworm Encounters,William Lee,8566995564047,00000000
Lucky Explorer Voyage,Diana Nelson,0161793753907,00000000
Trusty Wizard Legacies,Larry Olsen,0910355552027,00000000
Witty Bookworm Passages,Adam Jackson,6235517878352,00000000
Proud Jester Years,Queenie Garcia,4498764883520,00000000
Brave Hero Voyage,Zoe Parker,2285220330269,00000000
Happy Wizard X-Files,Ian Kim,2782479962987,00000000
Trusty Hero Quests,Ursula Davis,0361807756263,00000000
Important Knight Memoirs,Ursula Vargas,3349666115435,00000000
Lucky Guru Wonders,Yankee Garcia,4882987811130,00000000
X-traordinary Mastermind Novels,Robert Xu,9908016716636,00000000
Eager Guru Odyssey,Larry Quinn,2719702382236,00000000
X-traordinary Guru Years,Nathan Anderson,3474690023217,00000000
Trusty Knight Journeys,John Upton,9226858414320,00000000
Radiant Wizard Stories,Larry Vargas,5452888912886,00000000
Youthful Adventurer Odyssey,Alex Walker,8512454252017,00000000
Proud Navigator Encounters,Mary Xu,4563633098821,00000000
Kind Hero Novels,Wendy Anderson,9362221184039,00000000
Youthful Opportunist Stories,Diana Walker,8099101651831,00000000
Zesty Legend Encounters,Fiona Smith,0176421828650,00000000
Lucky Friend Stories,Charles Quinn,7733735460292,00000000
Brave Hero Chronicles,Frank Smith,2589094488461,00000000
Famous Detective Encounters,Queenie Zhang,3465231007599,00000000
Kind Bookworm Kaleidoscope,Abby Olsen,5013227204965,00000000
Zesty Opportunist Wonders,Brian Parker,9719450364266,00000000
Trusty Pirate Tales,Mary Martin,4108666505658,00000000
Witty Guru Passages,Zachary Zhang,5732721642263,00000000
Brave Unicorn Universe,Yankee Jackson,2804409696943,00000000
Witty Wizard X-Files,Samuel Foster,9812653099598,00000000
Witty Champion Odyssey,John Jackson,6809843460606,00000000
Glorious Opportunist Diaries,Ian Taylor,2047676200370,00000000
Youthful Xplorer X-Files,Edward Olsen,1087916145741,00000000
Proud Ranger Fables,Rachel Martin,4211913368330,00000000
Famous Opportunist Quests,Isabella Taylor,6949507282721,00000000
Mighty Inventor Universe,Olivia Martin,7854590002523,00000000
Daring Opportunist Tales,Ian Harris,6305677920908,00000000
Mighty Explorer Stories,Yankee Upton,8231804629605,00000000
Eager Wizard Revelations,Julia Clark,8795299871029,00000000
Outstanding Explorer Memoirs,Abby Parker,1286969008571,00000000
Eager Bookworm X-Files,Adam Nelson,2665122021098,00000000
Lucky Wizard Kaleidoscope,Elizabeth Harris,2370642766342,00000000
Noble Friend Voyage,Ian Davis,9630876904594,00000000
Curious Jester Innovations,Yankee Foster,3968887685468,00000000
Zesty Guru Zeal,Zoe Zhang,1805158201076,00000000
Valiant Scholar Stories,Xander Walker,2272781033159,00000000
Mighty Detective Years,Olivia Harris,0639599156104,00000000
Youthful Mastermind Quests,Peter Evans,9867065218631,00000000
Youthful Quester Revelations,Abby Zhang,8203153883199,00000000
Happy Opportunist Journeys,Diana Jackson,4236756232433,00000000
Radiant Navigator Quests,Tina Jackson,1442794542424,00000000
Jolly Jester Kaleidoscope,George Young,9551170358404,00000000
X-traordinary Ranger Kaleidoscope,Ursula Smith,2751387898916,00000000
Jolly Viking Memoirs,Penelope Smith,1548085078617,00000000
Trusty Xplorer Tales,Brian Parker,8702704261481,00000000
Quick Unicorn Tales,William Martin,3526409585674,00000000
Mighty Adventurer Quests,Wendy Harris,3337230978562,00000000
Kind Explorer Novels,Diana Davis,2390113732287,00000000
Adventurous Friend Tales,Alex Foster,2715537670876,00000000
Noble Mastermind Fables,Henry Vargas,4842203817513,00000000
Valiant Guru Voyage,Ursula Harris,2409013484698,00000000
Trusty Wizard Kaleidoscope,Julia Kim,4176892630284,00000000
Kind Knight Encounters,Victor Vargas,8845782826743,00000000
Brave Navigator Happenings,Charles Olsen,9607067768488,00000000
Happy Ranger Innovations,Zachary Taylor,1471981407383,00000000
Brave Opportunist Universe,Hannah Lee,0660704030958,00000000
Eager Explorer Revelations,Rachel Roberts,9435265098553,00000000
Radiant Adventurer Universe,Xia Foster,6169904355891,00000000
Famous Youth Tales,Penelope Upton,8801502077925,00000000
Important Champion Diaries,Kevin Quinn,4143933930399,00000000
X-traordinary Mastermind Innovations,Victoria Quinn,8762043232566,00000000
Radiant Friend Innovations,Abby Xu,2799660453995,00000000
Witty Bookworm Innovations,John Davis,3801271249573,00000000
Youthful Jester Universe,Samuel Smith,5545993551375,00000000
Unforgettable Xplorer Memoirs,John Kim,5563335213071,00000000
Radiant Wizard Novels,Edward Roberts,3574193561886,00000000
Happy Navigator Fables,Ursula Garcia,6921590310390,00000000
Quick Wizard Passages,Tina Jackson,8730646785444,00000000
Curious Quester Quests,George Lee,8938882339531,00000000
Zesty Opportunist Fables,Cathy Vargas,0548033747825,00000000
Happy Youth Universe,Penelope Clark,3107650421364,00000000
Lucky Navigator Voyage,Alex Vargas,3482841516082,00000000
Famous Wizard Kaleidoscope,Elizabeth Clark,1905128936585,00000000
Lucky Jester Zeal,Queenie Martin,4227230307273,00000000
Noble Navigator Encounters,Larry Garcia,7632692884076,00000000
Unforgettable Friend Kaleidoscope,Ursula Brown,0867064990063,00000000
Brave Inventor Odyssey,Frank Clark,6651208617800,00000000
Famous Quester Years,Thomas Brown,9625478426018,00000000
Quick Inventor Encounters,Julia Harris,6273593531235,00000000
Youthful Viking Fables,Penelope Davis,9258844877925,00000000
Lucky Unicorn Odyssey,Sarah Taylor,1947496308144,00000000
Eager Ranger Chronicles,Alex Harris,9726293387116,00000000
Jolly Youth Years,Zoe Harris,5689868460345,00000000
Important Youth Years,Michael Young,6152177446113,00000000
Quick Inventor Encounters,Ian Quinn,5758835097812,00000000
Kind Unicorn Legacies,Sarah Roberts,6345755569254,00000000
Unforgettable Friend Stories,Olivia Evans,9757968809831,00000000
X-traordinary Youth Chronicles,Zoe Vargas,6092975759025,00000000
Zesty Wizard Passages,Zachary Brown,2394386894963,00000000
Curious Knight Quests,Diana Jackson,1617185485165,00000000
Zesty Legend Kaleidoscope,Kate Harris,3760210934041,00000000
Important Traveler Quests,Zoe Quinn,6764421097615,00000000
Happy Youth Gazette,Xia Kim,9217265366487,00000000
Witty Detective Happenings,Fiona Upton,5195023616583,00000000
Adventurous Champion Legacies,Victor Anderson,1494255886851,00000000
Happy Champion Universe,Kevin Garcia,4034986813961,00000000
Brave Mastermind Journeys,Quincy Walker,1588756138868,00000000
Noble Mastermind Tales,George Foster,4790951862128,00000000
Youthful Xplorer X-Files,Isabella Smith,0899354269795,00000000
Kind Legend Encounters,Grace Roberts,3275003127116,00000000
X-traordinary Detective Gazette,Isabella Walker,8162942569532,00000000
Trusty Zookeeper Quests,Larry Martin,6847556768596,00000000
Valiant Hero Passages,Xia Brown,6057888906461,00000000
Quick Viking Innovations,Fiona Garcia,4822781778574,00000000
Glorious Jester Happenings,Yankee Lee,6898576258178,00000000
Noble Navigator Happenings,Peter Nelson,7212303972769,00000000
Radiant Hero Odyssey,Hannah Roberts,1737495145303,00000000
Happy Friend Zeal,Victor Harris,3692272549089,00000000
Smart Guru X-Files,Yolanda Evans,7550687161066,00000000
Adventurous Explorer Novels,Elizabeth Lee,5728068270900,00000000
Noble Legend Voyage,Henry Garcia,1205682776963,00000000
Quick Knight Journeys,Yankee Parker,7531511806971,00000000
Happy Hero Odyssey,Isabella Upton,1894558770176,00000000
Smart Xplorer Legacies,Kevin Parker,8444485346499,00000000
Zesty Youth Quests,Rachel Martin,2413711442782,00000000
Kind Scholar Diaries,Edward Roberts,2886592309237,00000000
Youthful Quester Chronicles,Fiona Taylor,4994340889479,00000000
X-traordinary Opportunist Tales,Thomas Roberts,3033587876178,00000000
Youthful Hero Novels,Alex Garcia,4627961787526,00000000
Proud Champion Encounters,Frank Olsen,4749853232911,00000000
Famous Jester Kaleidoscope,Oscar Foster,5870613808608,00000000
Noble Xplorer Innovations,Julia Garcia,8430836679255,00000000
Smart Viking Chronicles,Zoe Xu,9497962778886,00000000
Smart Quester Encounters,Cathy Parker,0260640620307,00000000
Smart Detective Revelations,Kevin Evans,1954358065329,00000000
Lucky Xplorer Fables,Victoria Nelson,8246323675057,00000000
Zesty Hero Memoirs,John Vargas,1638465294857,00000000
Happy Zookeeper Voyage,Yankee Kim,6629922580199,00000000
Youthful Adventurer Memoirs,Abby Brown,2162988409584,00000000
X-traordinary Opportunist Stories,Adam Kim,8939660635289,00000000
X-traordinary Zookeeper Memoirs,Ian Martin,5233436447636,00000000
Noble Mastermind Kaleidoscope,Frank Garcia,4345337888331,00000000
Kind Jester Revelations,Sarah Smith,1628737203632,00000000
Kind Adventurer Passages,Larry Anderson,8926521612978,00000000
Outstanding Knight Diaries,Zachary Young,9023433442804,00000000
Famous Legend Novels,Ian Parker,7358429684954,00000000
Valiant Traveler Revelations,Henry Vargas,4193864805235,00000000
Happy Quester Tales,Mary Vargas,3222722310992,00000000
Brave Opportunist Zeal,Henry Roberts,1842046127773,00000000
Kind Hero Revelations,Ursula Harris,8540881143615,00000000
Adventurous Quester Years,Beth Davis,6425372121681,00000000
Adventurous Guru Stories,Zachary Vargas,1926964968172,00000000
Curious Hero Journeys,Ian Quinn,8307723509097,00000000
Happy Pirate Fables,Quincy Young,1331763557364,00000000
Valiant Detective Passages,Fiona Roberts,5275734694763,00000000
Important Youth Legacies,Mary Young,2500092429485,00000000
Quick Zookeeper Innovations,Henry Vargas,8977911800468,00000000
Smart Pirate Voyage,Yolanda Vargas,1872309256254,00000000
Quick Mastermind Zeal,Thomas Brown,3918373069913,00000000
Outstanding Detective Gazette,Victoria Zhang,6709372382786,00000000
Outstanding Quester Stories,Adam Evans,8276553441191,00000000
Unforgettable Legend Legacies,Thomas Garcia,7660144032478,00000000
Adventurous Champion Universe,Victoria Brown,4336606938604,00000000
Adventurous Traveler Novels,Diana Davis,9170581705890,00000000
Lucky Navigator Journeys,David Martin,9111061325207,00000000
Witty Viking Kaleidoscope,Yankee Brown,3762694712481,00000000
Lucky Navigator Fables,Henry Quinn,9922802216933,00000000
Zesty Opportunist Passages,Charles Martin,0727509272195,00000000
Important Champion Odyssey,Samuel Quinn,1881900513048,00000000
Brave Wizard Memoirs,Thomas Vargas,1839380009728,00000000
Jolly Pirate Fables,Zoe Quinn,0016218002088,00000000
Curious Knight Voyage,Frank Vargas,2213145414504,00000000
Quick Guru Chronicles,Mary Foster,5221410639191,00000000
Unforgettable Mastermind Fables,Oscar Roberts,6357583798034,00000000
Jolly Jester Chronicles,Xia Lee,6645692042606,00000000
Brave Jester X-Files,Brian Clark,7863725266440,00000000
Youthful Unicorn Gazette,William Martin,8807119428105,00000000
Zesty Knight Years,Zachary Kim,3305141241983,00000000
Valiant Scholar Years,Xia Foster,5658520353998,00000000
